lh,rh,ls,rs,w,ll,rl
251.2,506.2,2498.16,2444.7072,289,4926.24,321.12
175.7,762.2,2508.72,2562.4248,260,7409.52,288.24
108.6,1471.6,2504.16,2583.828,269,7398.96,302.16
72.3,2107,2498.04,2472.2256,294,7368.24,343.68
66.7,2914.5,2482.68,2291.8272,294,7314.96,334.56
66.5,3044.2,2456.04,1953.9624,279,7340.16,336
66.9,3084.7,2499.12,2505.8592,272,7335.12,344.88
67.9,3091.4,2509.8,2634.2784,258,6845.52,320.64
68.3,3082.7,2500.56,2528.7912,245,5082.48,293.28
67.8,3041.6,2450.04,1886.6952,235,1872.48,303.36
72.1,3059,2471.28,2167.9944,246,753.12,357.36
83.5,3025.6,2446.32,1831.6584,267,510.48,400.08
93.2,2838.2,2467.92,2135.8896,298,465.36,526.32
81,1560.2,2413.08,1423.4688,322,420.48,1644.24
114.2,590.1,2497.68,2495.1576,324,366.48,5109.12
207,310.6,2484.96,2339.22,274,337.68,6990.48
319.3,206.3,2474.28,2216.916,274,319.2,7328.16
776.9,171.3,2482.32,2333.1048,302,338.4,7370.64
2130.4,153.2,2498.88,2571.5976,280,311.52,7363.92
2991.1,140.5,2497.44,2568.54,275,312.96,7404
3090.1,131,2498.04,2524.2048,247,297.36,7322.64
3059.9,123.8,2461.8,2117.544,264,294.48,7257.36
3065,120.1,2467.44,2189.3976,254,284.64,7044
3056.1,116.4,2456.64,2056.392,231,281.76,6624.48
3092.1,121.1,2499.24,2603.7024,220,293.76,4925.04
3037.7,138.8,2445.72,1909.6272,234,281.28,2419.92
3072.4,197.1,2481.6,2366.7384,252,303.12,1825.92
2558.5,354.7,2494.92,2498.2152,275,346.56,986.64
888.4,549.4,2464.8,2152.7064,268,425.52,806.64
325.3,1032.5,2442,1869.8784,276,1462.08,598.08
160.6,1840.3,2501.76,2600.6448,242,5556.24,533.76
105.3,2114.3,2510.52,2667.912,261,7203.12,479.04
94.9,2684.1,2489.16,2343.8064,278,7381.2,529.92
94.9,3073,2490.36,2391.1992,280,7289.04,506.4
95.9,3032.5,2443.32,1813.3128,264,7102.32,498.72
96.1,3056,2467.8,2120.6016,248,7125.84,448.8
91.8,3089.2,2508.48,2632.7496,242,4805.04,404.88
88,3033.2,2444.04,1819.428,237,4023.6,388.56
88.3,3041.7,2455.8,1950.9048,247,1313.28,376.32
97,3051.2,2470.8,2142.0048,252,814.08,420.96
98.3,2965.4,2479.08,2241.3768,281,501.36,581.52
85.5,1880.2,2455.56,1946.3184,324,486.72,901.44
87.4,743.9,2510.52,2643.4512,348,397.44,2434.32
177,370.3,2508.24,2615.9328,280,366,6338.88
272.9,237.3,2481.24,2406.4872,262,348,7025.52
579.3,187.5,2480.52,2397.3144,277,348.96,7279.44
1432.6,166.6,2452.92,2056.392,267,321.12,7331.76
2797.1,147.3,2462.64,2177.1672,262,306.72,7410.96
3072.8,137.5,2500.68,2640.3936,242,294.48,7220.16
3014.6,127.2,2407.32,1434.1704,223,292.8,7326.72
3070.5,123.1,2475.72,2282.6544,213,288.96,7337.52
3075.2,121,2481.48,2349.9216,207,288.48,7032.24
3038.9,125.9,2438.16,1808.7264,200,321.36,6696
3066.8,141.8,2472.72,2233.7328,196,331.44,5076.48
3088.1,182.7,2508.96,2625.1056,234,346.32,3535.2
2971.1,293.3,2508.6,2600.6448,305,604.32,1505.52
2449.4,457.6,2457.84,2071.68,345,3095.28,962.4
867.1,682.8,2488.8,2403.4296,302,5667.12,758.64
367.1,1158,2468.16,2111.4288,269,7320.72,644.4
168.7,1726,2459.16,2012.0568,306,7415.52,711.12
113.6,2090.8,2506.68,2586.8856,299,7371.6,685.44
104.3,2876.4,2485.08,2311.7016,293,7412.4,621.84
107.7,3085,2505.84,2600.6448,265,7317.84,579.12
105.9,3064.4,2479.44,2252.0784,252,7292.16,526.32
100.8,3048.9,2456.88,1969.2504,243,7351.44,500.64
99.3,3072.6,2487.72,2352.9792,275,6060.72,483.6
93.9,3092.2,2509.56,2641.9224,276,2894.64,466.32
89.5,3083.4,2504.88,2577.7128,268,1788,548.88
82.9,2895.8,2496.12,2456.9376,280,686.64,610.56
78.9,1772.6,2480.64,2255.136,304,565.92,905.52
105.5,808.1,2444.76,1808.7264,322,474.96,2161.68
188.2,370.3,2495.52,2459.9952,275,431.52,6363.12
324.1,231.6,2532.36,2936.9808,252,384,7105.92
678.5,183.5,2508.72,2632.7496,309,377.28,7359.6
1469.5,164.7,2505.6,2583.828,288,365.28,7353.6
2873.3,150.4,2476.32,2201.628,288,340.32,7317.12
3049.8,142.8,2455.2,1987.596,272,333.12,7384.08
3078.3,139.2,2488.8,2391.1992,268,323.04,7414.08
3091.9,136.3,2504.28,2599.116,257,325.2,7392.72
3089.3,139.4,2503.08,2567.0112,251,304.56,7370.64
3086.9,154.1,2502.12,2547.1368,246,299.28,7043.76
3086.3,192.6,2501.28,2544.0792,236,323.52,5947.44
3029.7,275.4,2447.28,1851.5328,230,326.16,4583.28
3068.5,461.5,2495.4,2482.9272,263,368.88,3085.92
1749.9,647.6,2509.2,2634.2784,275,403.2,1722.72
549.6,1060.4,2507.16,2600.6448,286,684.96,1347.12
206.8,1716.4,2498.88,2502.8016,291,3683.76,1073.52
138.3,2379.4,2500.2,2531.8488,260,6075.6,818.64
108,2867.6,2454,1957.02,312,7386,804.24
102.5,3081.2,2496.6,2466.1104,292,7414.56,804.24
97.5,3091.5,2507.28,2597.5872,294,7412.4,718.8
96.2,3091.7,2507.16,2622.048,278,7355.76,630.48
95.3,3084.5,2497.92,2493.6288,267,7362.24,570.24
93.4,3086,2499.84,2531.8488,267,5867.76,543.12
92.9,3051.3,2458.44,1990.6536,257,4524,561.12
100.8,3057.5,2466.24,2082.3816,254,1860.48,512.88
124,3082.5,2503.56,2567.0112,247,935.04,482.4
164.1,2887.6,2495.04,2459.9952,248,575.28,537.6
237.1,1890.5,2502.48,2548.6656,239,484.8,836.16
365.7,619.5,2474.64,2181.7536,246,445.44,1108.08
748.5,342,2461.8,2024.2872,250,419.76,2284.32
1271.5,259.2,2505,2554.7808,212,385.44,5596.32
2261.1,206.1,2506.8,2583.828,243,378.96,6714.48
3010.4,184.2,2433.6,1684.8936,252,361.2,7234.56
3059.5,187.6,2468.64,2142.0048,274,343.44,7322.4
3062.8,192.9,2468.16,2151.1776,261,330.96,7288.56
3055.3,191.6,2457.12,2033.46,250,320.88,7336.32
3092,184.4,2500.8,2593.0008,230,310.8,7304.88
3091,176.2,2499.72,2563.9536,232,314.4,6978.48
3091.2,170.9,2500.44,2568.54,226,357.6,6518.16
3086,192.8,2500.8,2487.5136,225,372.96,4797.36
3059.3,281.8,2471.28,2123.6592,229,388.08,3590.88
3045.1,438.3,2467.32,2073.2088,266,571.92,1613.04
1352.6,583.6,2509.8,2609.8176,323,2766,1096.08
601.6,934.5,2508.12,2600.6448,290,5617.44,797.76
302.7,1509.7,2488.08,2351.4504,244,7377.36,657.84
166.5,2067.8,2488.08,2351.4504,299,7337.52,628.32
122.2,2524.2,2467.44,2048.748,290,7345.92,699.12
109.8,2980.4,2471.52,2134.3608,292,7263.36,618.96
110.5,3026.6,2430.72,1515.1968,278,7414.08,565.68
111.9,3090.7,2506.08,2588.4144,271,7379.76,547.44
104.5,3075.8,2488.68,2377.44,266,7301.76,508.8
99.1,3042.8,2449.8,1877.5224,263,6687.12,480
98.3,3036.5,2442,1791.9096,265,4667.04,463.2
98.5,3098.6,2515.92,2722.9488,260,1904.88,459.6
94.2,3087.7,2509.44,2632.7496,250,1000.32,463.68
89.7,2920.4,2505.84,2586.8856,270,605.04,615.12
83.3,2061.7,2505.84,2576.184,261,499.2,779.28
114.3,764.9,2475.12,2184.8112,263,482.16,1212
296.2,358.1,2452.44,1892.8104,236,410.64,4548.48
576.2,240.8,2454.24,1953.9624,259,438,6876.24
1238,195.8,2495.28,2556.3096,284,419.28,7242.24
2335.8,175.5,2479.56,2371.3248,265,382.08,7383.36
3067,160.8,2487.12,2458.4664,275,356.4,7376.4
3074.9,152,2482.44,2368.2672,257,338.64,7272.96
3048.3,145.5,2446.32,1950.9048,251,334.08,7318.08
3067.9,140,2473.92,2223.0312,232,327.84,7261.68
3092.5,134.6,2502.48,2615.9328,218,348.72,7003.68
3090.3,135.2,2499.36,2576.184,227,356.16,6197.28
3069.6,144.2,2483.64,2359.0944,234,373.92,4419.6
3050.7,165.3,2465.4,2160.3504,249,405.6,3831.36
2524.1,231.3,2444.88,1854.5904,290,514.56,1829.04
1187.6,389.2,2472.72,2245.9632,333,1892.4,1140.96
541.7,653.9,2505.48,2577.7128,276,4951.2,945.84
285.9,958.3,2492.88,2434.0056,227,6765.12,742.56
147,1472.1,2499.96,2521.1472,299,7358.88,806.4
110.2,2032.1,2478,2221.5024,267,7288.08,775.68
101.5,2743.1,2442.6,1796.496,269,7365.84,693.36
116.9,3064.3,2486.4,2365.2096,263,6939.6,623.76
109.4,3091.2,2506.68,2599.116,245,6923.28,569.28
99.4,3017.4,2418.36,1492.2648,228,5915.76,518.88
97.2,3054.1,2462.4,2038.0464,248,4160.88,499.68
98,3072.9,2485.08,2319.3456,255,2022.72,473.28
97.4,3050.6,2459.88,2007.4704,260,799.92,552.72
97.8,3066.4,2490.96,2397.3144,245,606.96,631.92
93.4,2704.2,2473.92,2177.1672,278,499.44,786
93.4,1550.4,2504.52,2562.4248,326,431.52,1762.08
194.5,467.3,2498.16,2481.3984,302,445.44,5447.04
383.9,269.3,2497.68,2495.1576,237,376.56,6649.92
782.6,199.2,2448.6,1947.8472,285,395.04,7018.8
1524.4,173.7,2487.72,2461.524,281,358.32,7333.44
2669.9,158.7,2500.32,2600.6448,264,342,7390.8
3071.1,146,2501.76,2563.9536,256,321.36,7285.68
3063.7,136.9,2468.16,2166.4656,232,312.48,7263.36
3070.3,132.3,2473.92,2268.8952,232,301.92,6964.08
3038.7,127.9,2435.88,1802.6112,230,306,6719.28
3055.1,125.9,2454.24,2057.9208,242,330.24,5795.04
3091.3,123.6,2500.44,2603.7024,263,360.72,3634.8
3073.5,122.9,2476.8,2331.576,295,359.52,1865.52
3065,138.9,2466.96,2203.1568,337,410.16,1275.84
2387.2,167.9,2474.04,2307.1152,292,678.72,1043.04
1240.3,319.3,2450.88,2013.5856,254,2891.52,814.56
535.8,577.3,2494.08,2559.3672,249,5771.76,682.56
209.1,1029.1,2501.76,2625.1056,275,7240.08,671.28
143.1,1629.7,2429.28,1697.124,254,7354.08,685.2
148.9,2629.7,2472,2203.1568,265,7335.84,636.48
152.2,3055.9,2470.2,2132.832,250,7318.8,581.76
138.5,3050,2461.56,2031.9312,244,7292.64,528.48
122.5,3041.8,2448.48,1871.4072,252,7416.48,533.04
121.9,3092.6,2509.08,2615.9328,258,7189.92,495.6
113.8,3034.9,2440.32,1752.1608,242,6051.84,473.28
109.1,3086.2,2503.44,2559.3672,231,4503.12,480.48
100.9,3044.7,2476.8,2209.272,222,2887.44,495.6
98.1,2480,2467.8,2085.4392,271,931.44,657.36
106.5,1547.3,2509.2,2615.9328,325,672.48,762.48
153.1,490.1,2508.48,2606.76,344,560.64,1237.44
329.4,290.2,2443.08,1772.0352,302,495.84,3637.92
710.9,213.9,2492.16,2426.3616,271,443.28,6496.08
1426.2,170.4,2458.2,2074.7376,262,439.2,7066.8
2512.6,154.7,2458.08,2070.1512,281,412.56,7397.76
3089.5,143.3,2499.24,2608.2888,282,384.96,7398.96
3083.9,137.5,2492.04,2502.8016,280,357.84,7379.28
3076.9,132.1,2481.48,2374.3824,256,343.92,7294.56
3042,126.5,2439.84,1839.3024,243,348,7370.4
3074.3,126.8,2478.24,2336.1624,238,338.88,7303.44
3059.9,130.8,2461.92,2123.6592,234,346.56,7122.72
3091.8,144.8,2498.76,2525.7336,242,389.28,6404.4
3080.2,163.7,2484.36,2412.6024,225,396.48,5012.88
3084.6,247,2495.16,2530.32,266,412.08,3353.28
2443.2,447.1,2489.64,2478.3408,319,734.88,2033.52
1237.4,639.4,2461.56,2116.0152,306,2100,1575.84
499.1,1287.8,2464.44,2154.2352,261,5025.12,1203.84
246.3,1738.9,2502.96,2632.7496,252,7211.28,1032.72
156.1,2523,2506.08,2534.9064,284,7413.12,1026.72
134.6,2809.6,2506.08,2476.812,273,7356,877.68
139.7,3064.9,2478.12,2203.1568,274,7352.88,783.84
133.8,3065.3,2477.04,2239.848,264,7348.08,709.44
120.7,3061.3,2474.4,2207.7432,255,7314.48,638.64
114.7,3089.9,2509.32,2640.3936,250,7305.36,585.36
110.3,3085.9,2506.68,2606.76,241,6275.28,550.56
103.6,3023.1,2459.52,1999.8264,235,4071.36,605.28
102,2919.5,2491.92,2426.3616,263,1781.52,612.72
97.9,2102.5,2462.76,2047.2192,285,848.88,868.32
99.5,1110.4,2478.6,2242.9056,316,643.44,1243.44
134.7,431.6,2510.16,2640.3936,342,525.12,2283.6
260.3,256.5,2415.24,1434.1704,244,463.68,5739.36
513.5,195.1,2506.8,2605.2312,260,438.72,6101.76
1138.3,167.3,2482.92,2401.9008,294,453.36,6729.6
2027.6,153.2,2444.16,1921.8576,269,392.64,7077.36
2985.2,142.7,2473.8,2271.9528,272,374.88,7218.24
3091.2,134.5,2500.68,2631.2208,247,373.68,7128.96
3089.7,127.5,2496.6,2580.7704,228,361.68,6909.84
3078.6,122.6,2483.16,2256.6648,211,343.68,6654.96
3074.2,119.2,2478.84,2346.864,206,355.44,6455.76
3055.1,118.4,2456.16,2056.392,212,355.68,5654.64
3075,130.6,2478.96,2354.508,241,345.6,3579.6
3035.8,153.7,2431.08,1756.7472,257,417.12,2777.28
3088.3,224.3,2497.56,2586.8856,294,437.28,1380.96
2470.2,369.4,2489.4,2482.9272,315,614.88,884.88
1009.9,622,2479.56,2365.2096,303,2394,792.48
346.9,1144.5,2447.4,1970.7792,261,5954.4,644.88
186,1689.4,2489.16,2437.0632,288,7355.76,682.08
152.6,2402.7,2509.8,2637.336,289,7420.32,725.52
146.1,2903.5,2508.6,2634.2784,294,7332.48,678.48
140.8,3052.1,2465.04,2062.5072,276,7398.72,618
128.7,3080.4,2497.92,2485.9848,259,7319.04,573.36
113.9,3048.8,2458.32,1986.0672,249,7390.56,530.16
108.7,3075.5,2494.08,2447.7648,249,7230.24,507.12
101.8,3007.7,2414.04,1424.9976,245,6750.96,493.44
103.8,3090,2509.68,2646.5088,245,5006.4,485.52
103.4,3061.8,2505.6,2591.472,233,2665.2,546
101.5,2454.2,2504.88,2574.6552,225,1196.4,684.24
125.9,1346,2461.56,2018.172,267,755.76,981.84
219.1,459.5,2495.88,2444.7072,311,607.2,1571.52
443.9,300.4,2504.76,2562.4248,274,537.84,5457.36
855.1,228,2503.32,2611.3464,243,460.08,6788.88
1589.4,183.7,2463.12,2094.612,283,466.56,7247.52
2571,161,2474.52,2252.0784,266,427.92,7278.48
3043.7,144.4,2443.92,1860.7056,278,402.24,7453.2
3115.4,140.6,2531.28,2944.6248,254,382.8,7385.76
3092.5,138.4,2501.04,2586.8856,230,373.92,7321.44
3078.4,142.7,2483.04,2385.084,219,354.96,7232.16
3090.1,143.6,2497.8,2563.9536,222,362.64,6951.12
3088.1,167.3,2493.36,2518.0896,227,397.44,6056.64
3049.7,248.4,2449.92,1912.6848,233,401.76,4350.48
3090.6,455.2,2497.32,2525.7336,258,434.4,2914.56
3090.3,657.6,2499.84,2609.8176,307,590.64,1599.6
2454.9,1058,2429.16,1707.8256,304,1447.68,1144.32
984.5,1914.4,2470.92,2230.6752,285,4642.56,946.8
351.5,2676.6,2465.76,2062.5072,249,7150.32,762
184.2,3014.3,2461.92,2041.104,281,7342.32,762.96
137.9,3059.8,2470.56,2138.9472,266,7228.08,724.56
125.2,3013.8,2412.96,1424.9976,276,7393.92,672.96
127.9,3083,2495.76,2498.2152,260,7384.56,613.2
117.4,3078.9,2491.08,2426.3616,253,7393.92,588.96
111.3,3083,2496,2487.5136,249,7321.68,545.04
105,3061.2,2469.84,2146.5912,260,7131.6,524.88
104.5,3108.8,2526.72,2883.4728,256,5612.4,488.64
109.4,3091.7,2508.72,2660.268,249,2802.96,482.4
115.8,3042.5,2508.12,2644.98,254,1605.84,610.08
125.6,2284.2,2491.92,2440.1208,284,779.04,762.72
153.4,754.3,2473.08,2190.9264,280,612,1116.48
354.9,365.3,2469.48,2169.5232,309,560.88,3664.32
811.7,271.8,2496.6,2504.3304,264,490.56,6749.04
1546.9,222.7,2506.56,2635.8072,293,525.84,7327.44
2533.7,196.5,2497.2,2618.9904,295,458.4,7326.24
3056.1,175.3,2460.96,2142.0048,288,417.12,7303.92
3044,160.8,2442.36,1905.0408,280,393.12,7335.84
3057.3,153.3,2457.12,2102.256,252,381.84,7415.76
3091.1,153.1,2497.68,2617.4616,238,362.16,7280.88
3036.3,151.4,2432.76,1784.2656,234,357.6,7377.12
3077.5,181.4,2481,2418.7176,269,347.52,7187.52
3065,288,2465.64,2229.1464,259,373.68,6581.04
3056.7,485.9,2459.04,2109.9,262,431.28,5196.72
3050.3,724.3,2452.56,2008.9992,284,425.52,4146.96
2976.7,1233.6,2505.72,2652.624,314,589.2,2498.64
1655.4,2016.9,2506.68,2648.0376,314,1999.92,1896.48
847.8,2644,2489.76,2398.8432,287,4953.6,1594.08
358.1,3037.9,2488.8,2397.3144,244,7137.36,1228.32
195.6,3052.4,2460.36,2018.172,246,7352.16,1088.64
174.5,3065.2,2474.52,2215.3872,268,7412.16,1029.12
165.2,3090.8,2505.12,2605.2312,258,7408.8,873.36
151.8,3089.1,2503.2,2582.2992,254,7405.92,769.2
135.4,3087.9,2501.76,2567.0112,273,7385.76,683.52
124.3,3079.3,2491.56,2437.0632,295,7273.92,630.96
116.1,3062.4,2471.52,2174.1096,303,6577.92,625.92
113.6,3071.2,2481.84,2307.1152,301,5356.32,565.68
112.2,3095.1,2511.12,2677.0848,301,3015.6,528
109.3,3003.5,2490.6,2412.6024,296,1461.6,710.16
107.7,1855.2,2502.36,2568.54,279,722.88,1016.4
142.2,653.1,2491.68,2440.1208,278,622.56,1290
301.8,386.5,2466.84,2123.6592,232,523.92,3081.6
664.6,286.8,2481.12,2307.1152,264,488.16,6111.84
1302.2,246.4,2505.12,2651.0952,286,506.64,7001.52
2349.4,208.2,2498.76,2628.1632,270,465.84,7199.76
3046.8,187.2,2460.6,2116.0152,257,421.2,7344.24
3080.9,180.2,2486.88,2450.8224,255,391.2,7231.68
3040.3,178.3,2437.8,1727.7,234,374.16,7202.88
3053.6,187.6,2454.6,1995.24,214,375.84,7149.84
3093.8,208.6,2502,2652.624,214,372,6996.96
3071,236.5,2477.04,2317.8168,236,367.44,6410.4
3084.7,269.7,2493.12,2521.1472,244,393.6,5070
3074.8,370.3,2484.96,2365.2096,251,452.88,3306.48
3037.9,622.4,2439.72,1842.36,262,453.84,2134.8
2514.8,1102.7,2487.96,2420.2464,312,726.48,1468.08
871.1,1942.4,2502.96,2648.0376,330,2214.24,1114.8
304.2,2654,2501.76,2618.9904,303,5823.84,942.48
192,3058,2468.16,2140.476,262,7300.32,768.48
172,3075,2486.52,2386.6128,298,7319.28,684
172.9,3052,2458.56,2015.1144,318,7394.88,729.6
165.9,3083.2,2496.12,2490.5712,287,7421.28,674.16
142.4,3094.2,2509.32,2657.2104,283,7412.64,642.72
135.4,3090.7,2505.36,2603.7024,312,7403.52,653.04
126.1,3087.4,2501.28,2565.4824,325,7373.52,637.44
120.8,3074.4,2485.8,2354.508,319,7247.04,610.8
116.4,3052.2,2459.28,2001.3552,293,6857.28,595.44
114,3085.8,2501.64,2551.7232,268,4056.48,653.28
119.3,3020,2506.8,2597.5872,248,2565.36,648.96
175.2,2727.4,2492.52,2426.3616,272,1020.72,881.52
303.8,1562.1,2455.08,1949.376,247,778.56,2007.12
581.1,572.6,2476.2,2218.4448,207,754.56,5235.12
1110.6,369.4,2463.12,2065.5648,188,595.2,6840.24
1815.4,295.1,2488.08,2438.592,235,578.4,7348.08
2697.5,245.2,2502.6,2640.3936,277,514.32,7389.6
3067.5,206,2494.8,2524.2048,271,468.24,7390.56
3085.3,179,2496.12,2524.2048,249,434.88,7340.88
3060.7,159.9,2468.28,2142.0048,224,413.28,7323.12
3054,153.7,2459.28,2033.46,216,394.56,7252.32
3043,159.6,2449.32,1871.4072,221,408.72,7397.04
3094.1,188.8,2510.52,2640.3936,246,424.32,7219.68
3092.5,241,2508.6,2606.76,265,456.24,6388.8
3084.9,371.5,2500.68,2522.676,272,526.08,5060.64
2637.4,545.3,2480.04,2255.136,287,729.84,4348.8
1425,797.2,2466.72,2090.0256,322,2287.2,2295.6
429.4,1502.7,2463.6,2047.2192,315,4956.72,1649.28
231.6,2274,2507.52,2617.4616,247,6737.52,1340.64
150.5,2436.5,2506.32,2618.9904,251,7298.64,1114.8
127.7,2841.5,2448.48,1877.5224,297,7332.96,1065.6
122.9,3050.2,2465.52,2073.2088,287,7331.76,987.6
134.2,3056.4,2464.68,2076.2664,278,7419.84,936.72
129.9,3093.6,2509.08,2629.692,274,7417.68,774.48
116.8,3093,2508.12,2622.048,266,7291.44,705.84
109.8,3039.9,2444.52,1822.4856,280,7378.08,685.92
109.6,3086.5,2500.56,2522.676,284,6790.32,613.44
109.7,3050,2456.76,1967.7216,294,5350.8,591.6
108.5,3058.7,2467.92,2112.9576,287,4142.4,647.28
107,2949.8,2506.68,2626.6344,283,2178,617.76
100.8,2329.4,2509.08,2657.2104,279,796.32,924.48
107.4,1066,2446.92,1851.5328,258,673.92,1269.84
263.4,540.5,2490.72,2409.5448,247,580.08,3123.6
535.4,339.3,2455.32,1960.0776,218,507.84,6083.76
1015.9,231.7,2458.92,2096.1408,252,501.36,7212
2006,186.4,2500.8,2632.7496,269,492,7351.2
2854.1,162.4,2488.08,2456.9376,254,452.88,7299.84
3041.8,149.4,2448.72,1957.02,245,442.32,7387.92
3081.1,140.4,2487.72,2447.7648,246,431.04,7298.64
3054.8,132.5,2455.68,2045.6904,230,406.56,7308.48
3065.1,129.8,2467.56,2192.4552,222,388.56,7327.44
3093.8,131.6,2502,2638.8648,210,381.6,7220.64
3090.7,138.2,2497.56,2563.9536,207,382.08,6923.04
3052.1,151.2,2451.6,1918.8,209,400.8,5903.52
3079.6,183.1,2483.88,2437.0632,259,387.12,4238.88
2503.1,248.1,2454.72,2064.036,278,391.92,3206.88
1389.5,387.3,2451.96,2033.46,295,465.6,2321.52
495.2,499.7,2501.16,2620.5192,310,625.92,1966.56
236.2,844,2482.08,2385.084,308,2185.44,1823.28
159.7,2149.8,2493.48,2510.4456,327,5340.96,1446
144.7,2667.3,2482.08,2288.7696,300,7178.88,1269.6
130.3,2990,2467.08,2050.2768,335,7368,997.68
123.6,3059.8,2482.68,2213.8584,356,7415.28,859.68
115.9,3091,2506.56,2490.5712,340,7416.96,781.92
109.2,3091.6,2507.28,2618.9904,321,7398.24,702.48
103.9,3082.7,2497.92,2484.456,309,7375.2,676.08
98.7,3072.3,2486.64,2326.9896,308,7336.08,652.8
95.8,3031,2467.08,2096.1408,292,7377.6,657.84
95.4,2865.9,2487.6,2362.152,280,7182.48,582.24
98.4,2285.2,2416.56,1463.2176,247,6908.88,561.12
116,1492.9,2508.36,2626.6344,269,4511.28,638.64
187.1,659.4,2507.16,2609.8176,267,3533.28,775.44
367.6,357.5,2472.96,2184.8112,276,1223.04,1105.44
625.8,227.2,2463.48,2070.1512,258,981.12,2834.4
1255.2,173.1,2490.84,2432.4768,231,847.2,6258.72
2284.5,152.2,2508.48,2649.5664,218,714,7102.32
2934.3,134.7,2496.72,2623.5768,225,634.08,7326.24
3056.8,123.3,2458.8,2122.1304,239,572.4,7370.16
3073.4,119.3,2476.8,2357.5656,256,520.56,7295.28
3042,114.5,2438.76,1859.1768,229,469.2,7376.4
3079.9,116.4,2483.64,2440.1208,227,463.44,7398.96
3092.4,120.5,2498.88,2632.7496,232,444.96,7352.64
3076.3,124.7,2481.12,2383.5552,229,431.28,7335.84
3085.6,129.1,2491.68,2524.2048,232,445.2,7018.56
3068.8,140.6,2479.68,2241.3768,229,454.56,6019.68
2698.7,222.6,2453.28,2004.4128,237,580.56,4939.68
1560.5,450.4,2492.52,2498.2152,301,716.16,2920.56
641.9,605.1,2402.88,1360.788,329,1791.12,2636.4
332.6,1427.4,2427,1645.1448,301,5571.12,2176.56
229.2,2179.6,2502.48,2576.184,291,7325.04,1872.96
148.8,2541.1,2483.52,2297.9424,302,7298.64,1511.28
118,2961.9,2448,1834.716,277,7405.2,1283.76
105.6,3085.5,2501.52,2455.4088,294,7415.52,1067.76
101.6,3091,2506.56,2608.2888,280,7276.32,914.64
96.2,3033.1,2436.72,1718.5272,295,7410.24,834.96
94.8,3089.4,2504.28,2570.0688,311,7363.68,754.08
92.8,3070.1,2481.36,2273.4816,293,7310.4,673.2
95.9,3053.7,2461.68,2028.8736,272,7014.72,644.64
97.8,3090.4,2505.96,2589.9432,260,5150.88,654.96
106.8,2987.6,2412.24,1403.5944,279,3993.36,817.68
162.7,2781.2,2499.36,2501.2728,295,1701.12,943.68
258.3,1459.5,2497.32,2469.168,294,924,2783.76
510,506.3,2471.4,2140.476,244,837.12,5988.24
997.3,318.9,2465.28,2077.7952,195,671.28,7203.12
1739.2,220.9,2465.16,2090.0256,223,653.28,7407.84
2657.1,177.8,2500.44,2654.1528,242,579.36,7393.2
3080.9,151.3,2487.12,2470.6968,247,526.56,7412.64
3089.3,137.3,2494.2,2591.472,245,493.68,7333.92
3056.4,127.3,2456.04,2090.0256,228,467.28,7336.56
3057.6,122.1,2457.24,2083.9104,209,443.28,7416.96
3091.1,120.8,2498.04,2609.8176,204,423.36,7417.2
3091.2,117.8,2496.6,2609.8176,211,405.84,7386.24
3078.3,115.3,2482.2,2411.0736,220,404.16,7403.76
3086.8,119.2,2492.04,2530.32,216,435.36,7135.2
3063.1,145.5,2462.52,2166.4656,209,461.28,6717.6
3055.4,243.3,2456.4,2103.7848,228,501.84,6261.36
2509.2,422.5,2498.04,2589.9432,260,729.36,4941.84
1337.2,619.9,2501.28,2628.1632,294,2334.24,3764.4
537.4,1297.2,2489.88,2464.5816,308,5505.6,2979.36
264.6,2155,2500.44,2537.964,259,7348.8,2410.08
156.9,2757.1,2474.16,2158.8216,312,7344.96,2189.04
133.8,3034.2,2471.04,2155.764,341,7446.96,1872.72
142.9,3101.3,2522.16,2803.9752,312,7391.52,1618.32
139.2,3079.2,2494.32,2467.6392,306,7413.6,1409.28
125.1,3090,2505.48,2615.9328,311,7401.36,1193.52
112.6,3084.9,2499.6,2530.32,298,7327.2,1085.52
104.7,3053.9,2462.4,2053.3344,278,7347.84,1030.56
107.6,3062.4,2472.6,2181.7536,272,7422,924.96
106.1,3091.2,2509.68,2661.7968,267,7419.6,840
106.9,2928.2,2508.48,2635.8072,265,7373.04,806.4
147.1,1783,2492.76,2443.1784,270,5739.6,790.56
279.8,773.1,2492.28,2424.8328,262,3134.64,1028.16
535.5,397.5,2477.28,2236.7904,251,1578.72,1332.72
1079.5,248.5,2458.68,1999.8264,241,1219.44,3071.76
2465.4,194.3,2511.12,2678.6136,235,1055.52,6417.84
3070.3,168.3,2495.88,2478.3408,228,985.68,7286.88
3088.7,146.1,2500.56,2580.7704,261,825.84,7370.88
3074.2,133.3,2482.2,2359.0944,238,714.48,7309.92
3046.7,125.7,2453.52,1918.8,226,646.32,7357.44
3066.4,143.1,2477.16,2218.4448,217,582.48,7421.04
3092.8,197.1,2508.96,2618.9904,218,530.88,7214.16
3013.4,290.7,2413.92,1405.1232,206,548.4,7407.12
3092,357.4,2508,2611.3464,210,547.44,7183.92
3077.1,434.3,2490.12,2382.0264,197,563.52,6729.6
3053.5,560.5,2467.2,2099.1984,193,627.84,5898.24
2213.3,837.5,2482.32,2294.8848,230,852,4523.52
974.5,1509.3,2506.92,2648.0376,315,2147.52,3244.8
370.6,2373.8,2506.8,2658.7392,348,6144,2644.08
213.2,3066.9,2494.44,2459.9952,274,7141.92,2041.68
153.2,3080.8,2494.08,2470.6968,271,7322.88,1729.68
126.4,3053.1,2460,2016.6432,277,7362.48,1621.92
124.2,3069.8,2480.28,2284.1832,271,7427.76,1346.16
116.4,3097,2512.8,2698.488,289,7242.96,1167.6
106.6,3020.3,2420.76,1524.3696,258,7397.28,1091.04
104.1,3085.1,2498.52,2516.5608,246,7364.16,974.4
99.6,3072.1,2482.8,2316.288,240,7318.32,955.2
101.5,3051.3,2457.96,1990.6536,240,7222.56,891.12
107,3057.4,2465.16,2074.7376,232,6730.08,744.72
105.4,2999.3,2413.92,1418.8824,218,4823.76,811.92
122.4,2411.2,2498.16,2510.4456,235,2794.8,1001.52
234.3,900.2,2500.08,2531.8488,256,1126.32,1455.12
498.5,368.7,2488.44,2378.9688,278,930,2646.24
1107.5,262.5,2459.28,2002.884,231,820.08,6291.84
2290.8,221.1,2533.44,2962.9704,230,704.64,7148.88
3070.7,194.2,2502.12,2641.9224,291,652.8,7403.28
3088.2,176.7,2498.64,2603.7024,306,576.48,7405.2
3089.8,162.2,2496.72,2583.828,284,523.92,7405.2
3087.4,151.9,2493.36,2545.608,266,499.2,7307.04
3047.7,141.8,2447.04,1941.732,239,488.88,7395.6
3085.3,139.3,2493.36,2510.4456,232,457.92,7343.52
3089.2,139.3,2495.16,2573.1264,229,439.68,7187.04
3073.7,145.4,2477.16,2336.1624,232,468.48,6864.96
3088.2,158.7,2493.36,2550.1944,241,473.04,5665.44
3090.7,208.8,2496.6,2599.116,264,536.16,5172.24
3039.2,364.8,2458.68,2044.1616,288,700.8,3402
1637.5,546.4,2485.32,2438.592,318,1803.84,2644.32
489.3,981.7,2501.52,2652.624,323,3900,2222.64
244,1826.3,2426.88,1669.6056,253,5940.24,1686.24
235.8,2383.5,2498.64,2573.1264,307,7362.96,1649.28
208.8,2987.5,2477.64,2252.0784,295,7323.6,1362.72
192.8,3054.2,2462.28,2045.6904,289,7328.16,1208.64
168.7,3055.8,2463.24,2065.5648,284,7410.72,1198.32
152.3,3089.8,2504.04,2583.828,282,7417.44,1061.76
142.4,3092.9,2507.76,2620.5192,263,7411.2,962.4
139.6,3090.6,2505.12,2583.828,272,7345.68,854.4
138.5,3062.9,2472,2172.5808,281,7298.88,760.56
132.5,3053.4,2460.96,2036.5176,295,7217.28,778.8
124.9,2871.6,2510.28,2644.98,311,4429.92,905.52
133.1,2243.3,2510.64,2651.0952,306,2283.6,910.8
152.6,907,2494.8,2452.3512,311,1216.56,1407.12
239.4,369,2477.64,2230.6752,280,1017.12,2873.52
526.3,248.6,2473.68,2190.9264,219,814.56,6080.16
1106,193.2,2468.52,2129.7744,227,702.72,7129.2
2015.7,164.9,2503.08,2681.6712,273,658.8,7363.92
3047.2,150.6,2501.4,2651.0952,283,581.04,7294.8
3040.4,139.1,2437.56,1854.5904,258,542.16,7358.88
3066.9,132.4,2470.32,2232.204,241,499.2,7387.44
3078.8,128.3,2484,2412.6024,229,471.6,7345.2
3061.2,124.2,2462.88,2142.0048,215,453.12,7422.48
3094.4,127.2,2504.28,2651.0952,236,448.08,7392.72
3094,138,2503.56,2638.8648,241,478.8,7097.76
3078.9,172.2,2484.84,2411.0736,247,442.8,6234.24
3076.8,264.6,2482.56,2377.44,265,480.72,4974.24
3072.7,459.9,2483.04,2372.8536,278,634.08,4268.4
1992.9,668.8,2466,2131.3032,297,1011.36,2969.28
636.8,1228.8,2486.76,2447.7648,306,1985.76,2434.8
276.6,2158.8,2493.72,2389.6704,309,4709.28,2058.72
251.8,2888.2,2487.36,2331.576,297,6927.84,1635.6
246.1,3076,2496.96,2438.592,317,7216.32,1452.24
226,3055.2,2462.64,1918.8,325,7349.52,1247.52
187.5,3064.9,2474.16,2137.4184,297,7420.56,1144.32
167.5,3096.1,2511.48,2661.7968,291,7413.12,1056.96
158,3093.4,2508.24,2625.1056,285,7119.36,958.08
153.4,3085.4,2499,2516.5608,276,7318.8,875.76
148.8,3076.7,2488.56,2368.2672,263,6454.8,768.24
137.4,3061.7,2470.56,2140.476,253,4263.36,712.56
126.9,3066.5,2476.2,2206.2144,265,2859.36,870.24
122.2,2803.9,2512.56,2657.2104,280,1042.8,829.2
121.4,1732.6,2509.2,2524.2048,296,763.2,1332
190.9,530.9,2505.24,2585.3568,280,687.12,2175.84
347.3,285.9,2493,2443.1784,252,564,5332.56
755.4,231.3,2453.28,1958.5488,250,541.2,6794.64
1406.5,199.6,2476.08,2316.288,271,529.2,7222.08
2540.6,180.2,2507.16,2713.776,267,474.24,7413.84
3093.9,166.3,2503.56,2661.7968,260,436.08,7419.36
3092.3,157.2,2499.84,2635.8072,253,414.24,7383.12
3077.1,151.9,2481.6,2406.4872,234,408.24,7301.52
3043,148.9,2439.36,1882.1088,211,400.32,7371.6
3075.4,149,2478.72,2371.3248,204,402.96,7403.04
3092.5,152.9,2501.04,2637.336,207,373.2,7123.2
3075.2,168.3,2482.44,2356.0368,203,366,6793.44
3081.9,200.9,2493.12,2447.7648,206,424.8,5493.12
3062.7,254.1,2480.88,2253.6072,210,525.12,4763.04
2220.6,394.5,2463.96,2093.0832,251,647.52,3137.28
887.3,577.3,2493.36,2446.236,314,1349.28,2917.44
279.5,1238.1,2413.44,1437.228,307,3076.32,2294.16
165.1,2215.4,2508.48,2600.6448,268,6011.04,1800
149.9,2764.9,2466.84,2076.2664,302,7345.44,1671.84
152.2,3055.8,2476.68,2143.5336,296,7318.56,1356.24
165.2,3053.8,2461.2,2012.0568,278,7392,1174.8
158.8,3082.1,2495.28,2456.9376,275,7425.6,1063.68
140.8,3095.5,2511.48,2641.9224,282,7390.08,929.28
134.7,3080.9,2493.84,2411.0736,304,7405.92,809.52
124.4,3087.4,2501.88,2524.2048,291,7203.36,724.56
124.5,3085.6,2499.84,2498.2152,272,6300.96,700.56
119.9,3042,2448.12,1816.3704,254,4129.92,681.84
123.7,2986.2,2498.88,2429.4192,243,3196.32,824.4
162.3,2314.3,2512.32,2574.6552,240,1275.84,831.12
257.6,576,2506.92,2473.7544,267,1027.2,1384.56
440.3,265.3,2504.64,2183.2824,226,770.64,3315.84
974.1,200.2,2487.24,2181.7536,251,642.72,5998.8
1732,176.9,2458.32,1784.2656,276,608.64,7053.36
2788.5,166.2,2494.8,2244.4344,283,571.2,7273.2
3093.2,158.7,2502.48,2525.7336,267,522.72,7422
3093.7,149.8,2501.64,2362.152,260,481.2,7418.64
3092,140.6,2499.24,2498.2152,253,451.2,7373.28
3073,134.7,2476.8,2270.424,231,430.56,7294.32
3044.3,131.3,2444.16,1733.8152,226,433.44,7306.08
3058.8,128.6,2463.24,2001.3552,234,431.04,7142.16
3095.5,128.1,2512.32,2567.0112,225,417.84,6855.84
3035.7,128.4,2436.72,1750.632,217,530.88,5631.84
3048,142.1,2501.16,2612.8752,241,566.16,5303.76
2270,190.7,2467.92,2091.5544,285,784.56,3328.32
463.5,335.9,2452.8,1967.7216,320,3016.8,2260.8
258.8,699.9,2503.2,2554.7808,280,5815.2,1891.68
202.5,1534,2504.88,2352.9792,244,7188.24,1446.24
163.5,1960.2,2503.92,2505.8592,259,7398.72,1190.4
182.5,2770.1,2498.76,2475.2832,265,7388.64,1156.56
163.2,3071.9,2493.36,2426.3616,268,7297.68,1095.6
155.7,3041.4,2447.64,1860.7056,240,7269.12,969.6
153.5,3029.8,2433.6,1691.0088,244,7405.68,882.72
144.9,3088,2504.4,2589.9432,268,7384.8,784.8
136.1,3075.8,2491.32,2420.2464,276,7090.08,761.76
130.2,3038.5,2492.52,2417.1888,268,6489.84,665.52
127.6,2939.5,2487.6,2352.9792,255,5327.76,691.44
123.7,2430.3,2466,2034.9888,247,2609.28,936.72
115.5,1125.6,2507.04,2533.3776,303,1129.44,1311.36
126.1,395.8,2507.76,2499.744,342,947.28,2351.76
239.3,251.8,2489.04,2331.576,256,736.32,5658.72
443.1,192.5,2491.68,2472.2256,304,718.8,6926.88
972.3,160.4,2463,2166.4656,300,623.04,7212
1903,143.2,2462.76,2129.7744,276,562.32,7257.84
2863.6,132.4,2426.76,1684.8936,269,527.28,7412.88
3088.8,129.8,2497.32,2585.3568,262,492.72,7376.16
3076.4,125.7,2480.28,2372.8536,253,461.76,7346.88
3076,122.6,2478.48,2301,239,458.16,7319.28
3070.1,119.2,2471.16,2221.5024,247,443.28,7325.52
3061.7,118.9,2464.44,2048.748,250,425.52,7015.92
3091.6,128.4,2500.92,2505.8592,247,455.52,6261.6
3015.2,133.9,2411.28,1353.144,222,491.28,4800.96
2609.1,144.2,2453.88,1843.8888,227,488.88,4384.32
1644.5,153.6,2480.64,2369.796,288,700.56,2875.44
613.1,156.4,2443.44,1895.868,322,2390.16,2737.44
255.7,330.5,2467.92,2221.5024,300,5329.92,2217.36
209.3,553.6,2501.04,2612.8752,259,6954,1664.64
182.1,931.1,2501.16,2553.252,317,7372.32,1491.6
168.1,1993.4,2483.4,2279.5968,325,7379.76,1284.72
143,2662.8,2489.88,2282.6544,299,7298.88,1145.04
133.5,3034.4,2448.24,1723.1136,297,7448.4,1121.52
136.9,3102.9,2522.88,2669.4408,288,7416.48,1043.04
142.7,3090.5,2507.16,2518.0896,276,7412.16,1004.88
148.6,3088.2,2504.88,2528.7912,255,7318.8,875.04
132.9,3051.3,2460.96,1888.224,254,7351.92,763.92
119.9,3062.8,2474.64,2059.4496,267,6989.52,826.08
117.4,3053.2,2468.16,1989.1248,276,4953.84,841.92
125.4,2976.5,2482.92,2195.5128,283,3570.48,859.2
142,2068.9,2408.4,1250.7144,284,1553.76,1255.2
167.6,720.3,2505.72,2501.2728,259,1222.8,2163.36
202.9,334.3,2500.32,2476.812,220,994.56,5372.4
346.5,223.3,2477.76,2316.288,201,808.32,6686.88
717,182.7,2437.92,1776.6216,231,755.04,7189.92
1519.4,164.6,2480.16,2380.4976,233,653.76,7244.16
2452,150,2435.4,1820.9568,220,593.76,7403.52
3089.7,142.3,2496.12,2603.7024,210,549.84,7338
3058.7,131.3,2459.52,2119.0728,196,526.08,7345.68
3062.2,122,2463.24,2171.052,202,499.68,7286.4
3040,115.6,2438.88,1741.4592,205,477.6,7341.12
3079.5,112,2486.64,2336.1624,214,488.16,7236.72
3094.3,111.3,2510.88,2551.7232,209,501.36,6887.04
3092.3,120,2507.76,2499.744,221,525.36,5632.08
3056.4,156.8,2467.92,2111.4288,230,621.12,5297.04
2766.9,289.8,2477.52,2197.0416,280,845.04,3396.24
1135,478.8,2456.04,2027.3448,339,2348.4,2746.32
306.5,890.9,2490,2459.9952,301,5183.28,2410.32
236.4,1861.6,2468.52,2062.5072,254,6993.12,1831.92
187.7,2318.4,2508,2467.6392,302,7339.92,1498.8
197.4,3007.2,2469.96,1993.7112,330,7365.12,1390.8
173.8,3068.5,2481.84,2270.424,298,7323.12,1213.92
156.3,3052.2,2460.12,2010.528,296,7392.96,1082.16
163.6,3081,2495.04,2441.6496,294,7415.76,960.48
154.4,3090.8,2506.44,2603.7024,277,7367.28,824.64
141.5,3069.4,2482.32,2301,262,7394.88,746.4
128.9,3081.1,2496.6,2455.4088,254,7383.84,737.28
124.1,3082.6,2498.64,2409.5448,254,6797.28,647.76
118.2,2885.1,2460.48,1931.0304,262,4819.44,689.04
138,1796.9,2534.64,2904.876,261,3248.88,781.2
179.8,597,2525.52,2779.5144,278,1518.72,900.96
241.9,291.7,2429.28,1498.38,268,1152.24,1665.36
407.5,202,2502.96,2490.5712,255,944.88,4379.52
862.8,166.1,2461.8,2154.2352,229,795.12,6653.76
1400.2,149.1,2438.52,1796.496,255,772.08,7266.48
2396.9,141.1,2482.56,2296.4136,294,674.4,7398
3083,133.1,2499.24,2522.676,287,607.44,7416
3089.3,126.9,2497.68,2585.3568,273,552.72,7398.72
3082.6,122.2,2488.32,2478.3408,270,514.32,7353.84
3064.1,118.9,2465.4,2166.4656,258,496.32,7333.44
3052,118,2455.44,1950.9048,231,482.4,7419.12
3075.4,122.9,2498.04,2508.9168,240,449.52,7404.96
3066.9,131.2,2496.36,2498.2152,248,426,7179.36
2307.7,157.1,2436.48,1694.0664,250,509.52,6650.64
1421.7,231.1,2445,1770.5064,250,557.52,5865.36
647.1,378.5,2470.44,2128.2456,282,682.56,4978.08
248.5,484.3,2444.4,1915.7424,321,1310.4,3810.24
148.5,735.7,2504.04,2667.912,311,3054.24,3066.72
130.5,1613.9,2504.52,2617.4616,290,6104.16,2564.88
116.3,1965.1,2506.8,2629.692,278,7255.92,2208
115.4,2753.5,2493.6,2424.8328,345,7347.6,1835.28
116.3,3051.5,2472.84,2053.3344,299,7341.6,1546.56
115.6,3059.8,2470.08,2070.1512,312,7418.64,1384.8
111.5,3092.6,2508.24,2641.9224,291,7416.72,1255.2
102.2,3091.9,2506.92,2622.048,280,7384.8,1182
94.7,3078.4,2491.32,2426.3616,274,7344.24,1071.12
98,3061.1,2471.16,2152.7064,264,7342.8,910.8
106.2,3052.8,2470.08,2137.4184,264,7184.16,885.12
105.1,2899.3,2473.44,2178.696,234,6989.52,917.52
112.5,2182.9,2442.12,1784.2656,231,4940.16,919.68
192.9,1070.1,2508.96,2634.2784,256,2656.8,1043.76
402.4,478,2502.96,2539.4928,277,1370.4,1688.16
831.2,298.6,2488.8,2371.3248,283,1017.12,4448.88
2008,220.9,2466.48,2015.1144,250,868.08,6434.16
2874,181.6,2473.92,2155.764,213,776.16,7310.64
3091.3,160.6,2501.28,2583.828,284,762.48,7405.68
3091.4,142,2499,2563.9536,270,651.12,7404
3088,131,2494.92,2484.456,276,577.44,7362.72
3068.8,123,2473.8,2192.4552,248,536.88,7355.76
3065.6,120,2469.96,2140.476,233,501.36,7350.48
3063.9,116.7,2467.08,2120.6016,245,479.04,7429.44
3097.4,116.7,2506.92,2609.8176,250,463.92,7200.48
3012.4,117.3,2405.4,1301.1648,246,493.68,7297.92
3077.7,138.5,2483.16,2281.1256,257,487.92,6859.68
3009.8,207.1,2472.36,2120.6016,257,561.84,6229.44
2199,407,2448,1790.3808,243,694.8,5300.16
484.9,569.2,2473.56,2171.052,323,1836.24,4224.24
267.8,1121.5,2499.12,2541.0216,338,5388.24,3283.44
257.6,2185.3,2481,2346.864,282,7080.24,2790.48
217.1,2668,2462.76,1976.8944,273,7376.4,2408.88
197.6,3074.8,2491.08,2352.9792,319,7314.72,2174.88
177.1,3049.8,2456.52,1869.8784,290,7325.28,1882.32
152.9,3053.7,2461.08,2013.5856,295,7419.36,1690.08
151,3093.2,2508.36,2638.8648,282,7415.76,1480.56
154.8,3091.9,2506.44,2614.404,265,7391.52,1290.24
151.7,3081.8,2494.32,2458.4664,265,7313.28,1151.52
145.6,3049.1,2454.96,1953.9624,264,7331.28,1014.24
137.5,3056.8,2464.2,2067.0936,264,7321.2,935.04
125.6,3055,2465.52,2082.3816,276,7238.64,978.72
133.2,2906.5,2508.84,2635.8072,274,5694.24,1027.92
172.4,1840.7,2509.56,2640.3936,280,3052.08,1198.08
286.2,537,2506.2,2565.4824,293,1627.92,1770.24
533.4,295.8,2480.52,2244.4344,273,1376.16,4230.72
1187.1,228.8,2459.16,1911.156,218,1131.36,6432.96
2147,203,2461.56,2086.968,209,993.12,7285.68
3084.3,184.6,2496.24,2586.8856,252,888.48,7401.12
3089.6,168.2,2495.28,2576.184,266,780,7401.36
3088.9,153.3,2493.48,2508.9168,255,704.4,7374.48
3073.7,145.2,2475.48,2296.4136,249,640.08,7321.68
3051.3,138.1,2449.56,1906.5696,227,621.84,7396.32
3082.5,136.1,2487.24,2356.0368,219,591.36,7422.96
3093.6,137,2498.64,2531.8488,247,553.68,7412.64
3093.9,143.6,2501.76,2548.6656,246,533.28,7276.32
3048,170.9,2452.56,1885.1664,241,568.56,6947.28
2744.9,313.8,2478.12,2223.0312,239,571.44,6390.96
1434.1,612.1,2446.2,1807.1976,241,694.56,5790.96
485.9,1223.1,2497.2,2534.9064,300,1546.08,4542.72
255,2131.3,2500.44,2666.3832,348,3964.8,3839.52
295.8,2867.3,2500.56,2588.4144,297,6333.12,3216.48
242,3067.3,2474.4,2232.204,249,7280.4,2585.04
207.5,3072.3,2480.88,2229.1464,334,7333.92,2245.68
192.4,3057.9,2465.64,2074.7376,312,7411.44,2025.84
167.3,3090.4,2504.76,2459.9952,312,7421.52,1757.28
153.4,3094.7,2509.92,2628.1632,302,7385.76,1600.8
145.4,3080,2492.16,2423.304,278,7412.88,1358.16
140.9,3091.6,2506.2,2591.472,270,7348.56,1163.28
131.9,3064.2,2473.32,2177.1672,260,7203.6,1068.96
125.2,3056.3,2464.2,2056.392,248,7215.6,961.68
119.1,3092.9,2508,2596.0584,250,6748.56,1027.68
114.4,2891.7,2509.32,2531.8488,255,3754.56,1036.56
155.8,1779.5,2496.96,2375.9112,257,1697.52,1265.28
275.2,550.6,2497.56,2334.6336,280,1217.52,2038.08
584.4,297.8,2491.2,2326.9896,269,1094.4,3752.4
1256.1,248.9,2447.52,1888.224,239,886.56,6561.84
2224.8,241.6,2499.36,2615.9328,233,810,7173.6
3091.2,221.9,2499.72,2583.828,289,698.4,7278.96
3040,188.6,2436.72,1765.92,278,644.64,7408.32
3088.9,163.8,2493.84,2478.3408,272,583.2,7353.12
3064.5,146.6,2464.32,2117.544,272,535.92,7320.72
3051.6,136.1,2448.6,1983.0096,257,533.76,7413.12
3094,130.9,2499.24,2628.1632,237,496.08,7417.2
3093.9,127.8,2499.48,2620.5192,241,479.28,7260.72
3093.5,132.8,2498.28,2568.54,261,510.72,7071.12
3078.7,150.3,2480.88,2349.9216,261,558,6295.68
3058.5,249,2463.36,2096.1408,267,595.44,5461.44
1878.8,463,2463,2157.2928,296,810.72,4013.04
691.3,665.4,2503.2,2666.3832,324,2078.16,2853.36
285.3,1375,2496.96,2545.608,284,4539.84,2265.36
264.9,2224,2482.8,2354.508,269,6246.72,1860.48
217.2,2631.7,2466.96,2082.3816,271,7364.16,1634.16
194.2,3047.5,2479.8,2221.5024,282,7328.16,1614.72
178.3,3055,2463.24,1932.5592,296,7234.32,1396.32
154.1,3016.6,2416.32,1348.5576,276,7415.76,1279.92
149.1,3092.2,2506.8,2580.7704,284,7382.64,1175.76
144.9,3078.3,2490.36,2356.0368,280,7354.56,1097.52
136.4,3066.9,2476.56,2181.7536,269,7329.12,1030.8
129.1,3056.1,2463.72,2007.4704,252,7342.8,967.2
125.8,3063.1,2472,2174.1096,240,7252.8,844.8
125.4,3087.7,2508.72,2635.8072,232,6133.68,757.44
129.9,2853.7,2418.24,1481.5632,236,5235.36,835.68
164.8,2115.8,2496.84,2478.3408,255,2587.2,960.72
232.9,799.3,2485.56,2308.644,285,1583.04,1151.52
371.5,353.2,2475.6,2197.0416,270,1216.8,2178.72
754,229.3,2454.48,1998.2976,249,1049.28,5295.6
1275.7,185.6,2498.4,2612.8752,238,902.16,6717.84
2040.5,163.6,2497.56,2625.1056,253,821.52,7121.52
2933.1,147.7,2456.28,2086.968,267,732.24,7274.88
3045.6,137.9,2443.32,1921.8576,262,678,7339.44
3059.5,134.6,2460.36,2132.832,260,608.64,7355.52
3067.6,133,2469.12,2238.3192,263,588.96,7404.24
3092.8,130.2,2499.12,2622.048,240,553.68,7201.92
3019.4,125.5,2411.04,1498.38,235,517.44,7394.16
3089.9,130.6,2495.88,2576.184,235,541.68,7071.36
3071.7,132.4,2477.64,2342.2776,238,641.52,6390.24
2789.8,141.9,2451.12,1897.3968,267,717.84,5511.6
1917.5,208.2,2484.96,2308.644,309,1072.32,3873.36
704.5,295.2,2439.12,1785.7944,315,2888.4,3023.52
282.3,587.6,2502.96,2544.0792,265,5904.48,2589.84
255,1004.2,2489.4,2391.1992,238,7330.32,2014.8
215,1685,2467.08,2108.3712,280,7312.32,1828.56
205.1,2435.9,2454.6,1943.2608,291,7378.56,1698.48
182.6,3021.2,2487.96,2383.5552,280,7416.72,1586.4
165.6,3091.8,2507.04,2608.2888,267,7411.68,1391.76
149.9,3090.3,2504.76,2591.472,264,7405.2,1256.16
141.6,3087.7,2501.64,2550.1944,248,7357.92,1188.24
139.5,3068,2478.12,2249.0208,242,7286.4,1065.6
132.2,3037.9,2442.24,1770.5064,245,7358.4,1009.92
133.1,3068.6,2478.84,2252.0784,243,7177.2,849.12
121.3,2852.4,2405.64,1314.924,251,4247.28,927.12
131,2249.4,2501.4,2530.32,254,2981.76,955.92
173.3,1057.9,2495.16,2455.4088,278,2134.8,1071.12
283.6,343.1,2457.72,1972.308,278,1343.28,1807.68
676.2,215.8,2457.12,1999.8264,252,1100.16,4068
1500.2,182,2492.52,2481.3984,255,942.24,6728.64
2354.6,160.9,2496.36,2606.76,255,864.48,7046.4
3020.5,144.2,2414.28,1577.8776,276,782.16,7397.52
3084.3,139.1,2487.84,2522.676,279,698.4,7363.2
3068.6,136.5,2469.12,2218.4448,271,629.52,7320.96
3051,130.7,2448.96,1911.156,261,610.08,7400.16
3084.1,126.9,2488.92,2495.1576,260,566.4,7235.28
3015.5,120.1,2406.84,1406.652,229,546.24,7383.12
3077,120.6,2481.12,2352.9792,219,527.52,7298.4
3042.5,125,2440.44,1839.3024,220,524.64,7344.72
3073.3,133.5,2492.76,2458.4664,216,559.68,6956.64
2013.9,155.9,2463.72,2189.3976,242,738.48,6287.52
698.9,228.9,2437.32,1851.5328,259,872.88,5788.56
267.3,397.3,2402.64,1399.008,324,2847.12,4790.16
225.8,635,2483.52,2447.7648,319,5467.2,3592.08
234.5,1377.3,2482.2,2346.864,244,6479.04,2978.4
190.6,1800,2469.24,2048.748,230,6962.88,2406
172.1,2606.8,2444.52,1741.4592,269,7400.88,2216.16
159.1,3045.4,2499.12,2434.0056,287,7412.88,2033.76
145.2,3087.4,2505.96,2602.1736,271,7406.64,1831.92
144.5,3087.3,2502.48,2562.4248,267,7380.48,1682.88
135.3,3076.7,2489.52,2398.8432,284,7344.24,1461.12
127.7,3061.8,2471.64,2169.5232,284,7325.04,1275.36
119.6,3054.5,2463,2053.3344,271,7178.4,1114.56
110.9,3088.5,2503.56,2580.7704,251,7362.96,1023.84
113.1,3089,2505,2594.5296,262,4911.84,928.32
122.9,2848.6,2503.08,2568.54,262,3221.76,995.04
146,1755.6,2464.56,2094.612,259,2129.76,996.48
192.2,601.6,2488.92,2391.1992,261,1245.6,1289.52
268.4,294.5,2462.4,2034.9888,216,1064.64,2729.04
548.3,206.5,2500.32,2576.184,234,864.48,5546.4
1165.2,170.9,2499.48,2556.3096,258,865.44,6946.08
2081.6,151,2477.88,2366.7384,261,806.16,7147.2
3056.3,140.1,2459.28,1989.1248,268,680.88,7301.04
3054.4,133.9,2454.84,2070.1512,240,620.4,7344
3061.3,129,2460.72,2019.7008,246,580.08,7386.48
3078.4,123.9,2481,2273.4816,265,552.96,7415.04
3090.3,119.3,2496.48,2450.8224,259,522.24,7381.68
3077.7,113.7,2480.76,2279.5968,257,512.4,7378.08
3081.9,115,2487.84,2316.288,241,553.2,7240.56
3068.4,126.5,2472,2097.6696,238,536.88,6818.88
3049,161.5,2450.64,1816.3704,242,570.96,5984.4
3089.9,239.2,2500.92,2528.7912,260,680.88,5656.32
2181.1,346.4,2499.12,2476.812,304,1155.6,4130.88
754.4,467.4,2482.68,2366.7384,303,4226.88,3439.2
295.7,893.4,2479.08,2279.5968,266,3564.48,2741.04
289.4,2087.2,2476.68,1944.7896,232,6344.16,2345.52
242.9,2580.5,2471.04,2073.2088,248,7409.28,2007.6
222.1,3065.2,2503.56,2466.1104,284,7406.88,1884.72
205.8,3087.3,2501.76,2553.252,268,7357.44,1720.32
183.2,3067.3,2477.4,2245.9632,265,7368.72,1586.16
166,3072.1,2483.04,2316.288,253,7275.12,1442.88
152.7,3033.2,2436.36,1733.8152,247,7304.64,1378.32
146.3,3045.2,2451.12,1931.0304,243,7410.96,1251.36
152.2,3089.4,2504.28,2585.3568,234,7218.72,1057.44
149.8,3089.5,2504.16,2568.54,263,7095.84,1025.04
141.5,2954.7,2458.2,1975.3656,271,4722.72,1086.96
155.6,2280.1,2484.6,2310.1728,274,2232.72,1026.72
243.4,873.1,2465.64,2065.5648,291,1236.96,1612.32
464.2,344.9,2482.56,2264.3088,266,1033.68,2764.8
1046.8,230.4,2507.52,2602.1736,244,841.92,5568.96
2067.6,186.6,2504.88,2449.2936,248,758.88,7012.08
2973.8,163.4,2480.52,2259.7224,283,709.68,7177.2
3042.7,145.9,2442,1787.3232,259,657.12,7308
3047.7,136.7,2445.72,1848.4752,253,615.6,7377.36
3074.6,131.6,2477.52,2209.272,255,558.96,7280.64
3034.3,126.3,2429.52,1599.2808,232,525.12,7235.76
3015.6,122.5,2406.72,1313.3952,218,511.2,7329.12
3054.5,124.5,2454.36,1901.9832,218,488.4,7326
3060.8,130.8,2460.72,1993.7112,198,464.4,7273.68
3049.2,143.4,2447.28,1836.2448,181,503.28,7095.36
3019.7,181.8,2525.04,2836.08,197,522.24,6370.56
1947.5,281.8,2496.72,2554.7808,221,627.84,5990.88
712.1,527.6,2495.88,2550.1944,263,922.56,4594.08
263.7,952.6,2489.16,2375.9112,336,2372.16,3588.72
251.3,2145.5,2440.8,1820.9568,339,3614.16,2815.68
222.8,2939,2448.6,1837.7736,291,6001.44,2219.52
199.4,3078.3,2491.68,2305.5864,342,7105.92,2144.16
187,3089.3,2503.68,2482.9272,317,7400.64,1853.52
165.5,3086,2499.84,2482.9272,296,7333.2,1731.12
148.9,3058.2,2466.12,2012.0568,274,7389.6,1650.96
142.5,3081.5,2493.96,2365.2096,281,7338,1482.24
134,3060.3,2468.64,2053.3344,273,7459.44,1354.32
129.4,3110.5,2529.12,2822.3208,258,7315.92,1172.4
124,3090.1,2504.64,2470.6968,231,7362.48,999.36
117.2,3088.8,2502.96,2490.5712,214,6498.48,985.44
134.4,2994.7,2497.56,2440.1208,227,2540.88,1083.84
239.1,2381.5,2496.48,2424.8328,235,2366.4,1097.04
539.5,766.1,2456.88,1869.8784,253,1054.08,1505.04
1026.5,332.9,2498.28,2377.44,245,812.4,3395.04
2097.9,232.7,2500.92,2504.3304,221,696.72,6019.68
2952.8,189.5,2472.6,2323.932,202,614.16,6954.48
3077.5,170.5,2484.24,2493.6288,247,606,7252.56
3080.8,156.5,2485.32,2515.032,253,547.44,7299.6
3049.8,144.4,2448,2019.7008,242,515.76,7401.12
3086.6,139.1,2492.04,2588.4144,240,490.08,7406.16
3088.2,135.5,2493.96,2583.828,223,470.64,7378.08
3080,131.9,2484.12,2469.168,205,461.52,7353.12
3077.8,129.2,2481.84,2435.5344,200,442.56,7367.28
3080.4,132.8,2484,2467.6392,209,424.32,7090.32
3047.7,148.6,2446.44,1986.0672,212,467.04,6714.96
2608.9,203.9,2496.24,2620.5192,229,476.4,5667.6
1278.2,302.8,2498.52,2625.1056,247,539.28,4764.24
382.4,431.5,2482.08,2437.0632,294,858.96,3445.2
282.6,550.9,2481.12,2437.0632,289,2201.04,2903.04
282,1101.3,2467.92,2236.7904,298,3812.4,2434.32
230.9,1699.6,2462.64,2070.1512,260,6304.08,1920.24
199.3,2246.1,2505,2562.4248,296,7376.64,1793.52
189.1,2991.9,2503.32,2533.3776,297,7407.12,1657.44
167.3,3070.7,2502.72,2475.2832,294,7392.96,1548
156.3,3082.5,2496.36,2374.3824,288,7335.6,1406.64
148.2,3058.3,2467.08,2068.6224,262,7332.72,1223.76
140.9,3057.7,2466.24,1999.8264,253,7408.32,1152.48
140.5,3089.8,2505.36,2515.032,247,7128.48,950.16
131.6,3009.3,2409,1342.4424,250,6808.08,909.36
127.9,3071.1,2486.04,2310.1728,259,5850,865.2
128.6,2829.6,2464.2,2033.46,275,3960.48,911.76
144.5,2177.6,2481,2250.5496,271,1548.48,919.92
185.3,1394.5,2467.8,2064.036,266,1196.88,1252.32
255.4,482.4,2459.76,1885.1664,244,1021.68,2285.04
564,291.9,2504.76,2588.4144,217,835.68,5460.72
1384.3,220,2484.96,2435.5344,226,807.12,6828.72
2326.7,176.3,2475.6,2359.0944,274,681.36,7145.28
3041.4,150.9,2439.96,1927.9728,268,622.56,7284
3045.3,138.2,2443.2,1947.8472,256,578.88,7416.96
3091.1,128.7,2496.48,2652.624,246,512.16,7223.76
3010.7,117.5,2400.84,1424.9976,222,495.6,7310.4
3049.5,114,2447.04,1995.24,207,479.76,7354.8
3078,111.9,2480.76,2437.0632,209,459.6,7274.16
3050.6,113.7,2449.32,2012.0568,218,483.84,7057.68
3066.2,127.9,2466.24,2253.6072,228,526.56,6364.8
3086.7,160.9,2491.2,2594.5296,266,554.64,5819.04
2740.1,228.1,2494.44,2612.8752,315,694.56,4482.72
1127.6,307.2,2494.68,2629.692,345,1727.28,3244.08
338.1,506,2473.92,2368.2672,310,3520.32,2862.96
226,847.5,2456.28,2106.8424,267,5796.96,2280.96
181.3,1182.6,2452.8,2001.3552,251,7050.96,1934.16
154.5,2008.5,2508.12,2608.2888,321,7412.64,1743.12
155.8,2746.1,2505,2513.5032,293,7395.6,1554.24
151.3,3011.8,2499.48,2536.4352,287,7373.76,1556.16
158.7,3072.3,2485.8,2363.6808,260,7313.52,1336.8
146.8,3048.2,2455.68,1975.3656,242,7370.88,1211.76
135.2,3073.3,2485.2,2354.508,246,7410.72,1031.04
131.4,3091.6,2507.52,2632.7496,252,7415.28,919.92
136.5,3090.6,2506.56,2617.4616,263,7157.04,954.24
131.3,2915.7,2492.64,2443.1784,271,6620.16,932.4
138.6,2353,2476.32,2236.7904,282,4799.76,1078.56
158,1576.6,2457.24,1993.7112,297,2072.4,1383.36
206.1,743.3,2490.48,2423.304,299,1268.16,3069.36
284.2,327.7,2505.96,2631.2208,252,1034.16,5759.28
563.9,213.4,2503.8,2622.048,221,873.36,6917.04
1156.4,166,2485.44,2484.456,317,768,7232.16
2095.8,146.9,2486.28,2490.5712,285,706.08,7281.36
2843.7,135.4,2456.16,2112.9576,273,691.92,7383.6
3081.3,127.6,2487.6,2438.592,253,639.84,7261.2
3028,121.9,2423.16,1600.8096,232,623.28,7399.44
3089.1,120.3,2495.16,2524.2048,223,565.2,7358.4
3090.1,117.3,2495.88,2533.3776,223,523.92,7334.16
3072.5,113.9,2475.36,2268.8952,218,488.4,6894.96
3051.7,110.8,2452.44,2059.4496,210,484.56,6344.88
3082.8,116.3,2489.76,2556.3096,207,564.96,5234.88
2771.4,123.3,2500.56,2678.6136,226,608.64,4422.24
1705.7,136.7,2474.76,2359.0944,266,726.24,3008.4
671.6,161.8,2489.76,2513.5032,316,1690.56,2542.08
288.4,312,2470.44,2203.1568,290,4166.64,1965.36
218.7,467.6,2449.44,1929.5016,281,6809.28,1619.04
189.9,662.6,2490.96,2420.2464,338,7406.4,1519.2
184,1269.2,2501.28,2459.9952,301,7398.72,1381.68
171.3,2209.2,2498.16,2365.2096,317,7348.08,1231.68
167.9,2934.5,2473.44,2166.4656,295,7394.88,1105.68
167.9,3069.9,2496.6,2414.1312,268,7322.4,999.12
152.5,3040.7,2461.2,2053.3344,256,7403.28,943.44
145.9,3086.1,2501.52,2567.0112,259,7093.68,873.84
141.8,3089.4,2506.08,2605.2312,259,6870.96,727.68
136.7,3027.9,2433.36,1616.0976,257,5642.64,710.16
135.6,3023.2,2493.84,2395.7856,254,3031.68,886.56
128.3,2765.9,2464.08,1983.0096,238,1670.16,1024.56
118.3,1555.5,2463.24,1947.8472,312,1089.84,2282.88
141.9,501.7,2506.68,2472.2256,297,903.12,4932.96
275.8,293.6,2505.96,2505.8592,232,758.88,6946.08
601.4,207.1,2485.08,2398.8432,238,707.76,7293.84
1458.1,166.6,2488.68,2527.2624,245,644.16,7326.96
2389.7,146.1,2456.04,2119.0728,238,597.12,7314.96
3049.3,130.5,2448.24,2019.7008,231,549.84,7447.44
3104.1,123.3,2512.68,2823.8496,228,533.04,7410.24
3088.2,117.4,2494.56,2583.828,209,530.16,7407.84
3087.7,112.5,2495.76,2586.8856,202,515.04,7376.16
3077.2,108,2483.64,2421.7752,210,487.92,7337.04
3074.9,107.4,2482.44,2380.4976,225,511.92,6962.4
3054.6,114.9,2456.64,2036.5176,228,579.36,6255.12
3050.2,139.5,2451.48,1996.7688,257,622.32,5608.08
3088.2,209.8,2496.24,2567.0112,315,1021.92,4001.52
2942.5,255,2466.48,2183.2824,308,3468,3520.8
1364.1,467.1,2470.44,2184.8112,273,6372.24,2581.68
412.9,664.9,2468.88,2227.6176,290,7272.72,1996.56
270,1162.8,2433.12,1643.616,294,7405.68,1953.84
225.9,1909.4,2501.28,2441.6496,287,7404,1796.64
227.6,2802.7,2500.56,2377.44,289,7390.8,1599.84
220.6,3071,2493.96,2369.796,294,7285.68,1388.4
187,3028.3,2441.52,1768.9776,281,7323.6,1232.64
175,3051,2460.72,1909.6272,269,7286.88,1180.32
168.9,3035.5,2442.36,1739.9304,263,7239.36,1122.72
160.1,3016.5,2418.72,1467.804,258,7407.12,1022.4
156.7,3081.4,2502.48,2518.0896,262,7400.16,893.28
153.1,2907,2498.88,2481.3984,239,6606,893.76
149.2,2124.2,2467.56,2080.8528,244,6660,873.84
156,1050,2469.48,2099.1984,258,3382.8,894
189.9,413.6,2442.96,1758.276,299,1894.08,1173.84
246.2,234.8,2502.72,2507.388,288,1550.4,2698.32
427,166.3,2496.6,2573.1264,225,1267.68,5910.24
1080.4,142.4,2476.92,2365.2096,192,1121.28,7051.2
2104.2,131.8,2473.44,2357.5656,237,1011.6,7258.8
3034.5,121.9,2433.96,1843.8888,232,893.76,7352.16
3063.5,118.7,2465.64,2242.9056,233,811.68,7459.44
3108.9,116.7,2518.56,2881.944,230,734.4,7408.56
3087.7,112.7,2493.48,2589.9432,212,678.24,7368.96
3071.3,110.7,2474.52,2328.5184,207,630.24,7369.92
3071.5,110.6,2477.88,2336.1624,223,586.56,7295.04
3040.3,116.6,2440.8,1747.5744,220,574.32,7291.44
3041.4,127.3,2442.96,1784.2656,220,588.96,7087.44
3072.6,155.2,2493,2516.5608,248,705.36,6510
2197.1,203.4,2473.2,2291.8272,256,763.44,6065.04
848.7,314.5,2493.6,2524.2048,309,1527.6,5087.76
294.3,441.6,2466.6,2210.8008,341,3864.24,4528.32
275.9,827.1,2451.6,1983.0096,299,6844.8,3678.72
220.4,1589.1,2529.72,2883.4728,269,7192.32,2817.36
211,2481.9,2396.04,1157.4576,320,7398.72,2637.84
197.2,3043.3,2498.4,2360.6232,302,7389.6,2297.28
172.6,3070.1,2493.6,2297.9424,294,7347.84,2216.64
172.7,3054.4,2472.72,2093.0832,286,7306.08,1987.44
159.4,3044.3,2451.84,1810.2552,271,7375.44,1852.32
149.1,3070.8,2486.4,2223.0312,261,7199.52,1621.44
142,2997.8,2398.56,1113.1224,241,7400.64,1464.96
137.3,3081,2499.12,2394.2568,234,7308,1240.32
135.2,3011.4,2453.04,1850.004,222,7182.96,1155.36
143.8,2865.4,2477.4,2158.8216,222,6636.96,1148.4
191,1167.2,2446.92,1787.3232,221,5974.32,1102.56
332.6,451,2491.56,2343.8064,233,4114.32,1296.96
709.2,258.1,2502,2423.304,269,2146.8,2308.32
1446.7,179,2419.92,1399.008,242,1608.96,5237.52
2316.5,149.7,2454.96,1929.5016,227,1313.76,6902.16
3078.6,141.1,2484.36,2351.4504,250,1159.44,7226.4
3033.7,131.9,2428.68,1793.4384,263,1014.24,7390.56
3081.9,127.4,2488.08,2421.7752,254,908.64,7414.08
3089.9,123.6,2496,2544.0792,249,831.84,7411.44
3088.8,120.4,2494.56,2603.7024,226,753.6,7392.72
3081.1,117.3,2484.96,2478.3408,238,700.32,7390.32
3080,115,2483.64,2441.6496,258,651.36,7318.32
3050,116.6,2448.36,1958.5488,251,617.76,7303.92
3044.4,124.7,2442.84,1912.6848,249,599.52,7212.48
3044.8,139.4,2450.28,1932.5592,240,670.08,6839.28
2527.6,174.8,2485.2,2472.2256,227,639.36,6242.4
1198.9,324.9,2456.76,2094.612,237,773.04,5790.48
446.6,473.8,2444.28,1967.7216,250,1786.56,4891.68
259.3,1122.6,2429.52,1715.4696,280,4385.76,4059.12
218.6,2305,2476.44,2239.848,270,6481.44,3509.52
182.6,2902.5,2364.6,831.8232,294,7353.36,3120
175.4,3060.4,2476.56,2195.5128,305,7340.16,2761.92
158.6,3060.7,2469.48,2103.7848,299,7331.04,2346.72
147,3056.6,2464.2,1986.0672,313,7248,2121.84
139.3,3021.8,2422.56,1487.6784,285,7365.6,2017.2
131.4,3071,2481.36,2244.4344,275,7363.44,1746.48
121.8,3070,2480.4,2255.136,268,7365.6,1597.68
113.8,3070.8,2481.36,2290.2984,265,7229.52,1439.04
115,3013.6,2413.44,1308.8088,255,7238.4,1325.76
142.2,2881.2,2466.36,2100.7272,235,6823.2,1126.56
207,1493.6,2426.28,1583.9928,225,5958.24,1113.12
354,408,2413.92,1386.7776,203,5981.52,1204.32
752.8,247.8,2480.64,2235.2616,200,2117.52,1231.44
1197.2,185.5,2411.04,1371.4896,206,1554.72,2080.08
2136.3,162.5,2475,2244.4344,199,1341.36,4607.52
3032.8,149.8,2442.36,1843.8888,232,1136.16,6676.32
3044,143.8,2443.92,1934.088,237,1040.64,7067.76
2996.5,132.8,2383.8,1197.2064,272,919.92,7368.72
3075.9,132.2,2479.2,2400.372,262,798,7344.72
3061,124.5,2461.8,2151.1776,263,762.96,7334.64
3056.8,126.5,2455.8,2080.8528,271,705.36,7310.16
3046.7,131.1,2442.72,1920.3288,277,626.88,7301.28
3042.8,138.1,2438.52,1879.0512,281,598.32,7383.6
3078,146.7,2480.76,2437.0632,282,596.16,7373.28
3051.2,155.9,2474.64,2372.8536,274,597.12,7160.16
2057.9,182,2476.8,2395.7856,269,592.32,6756.96
1110,239.5,2462.28,2177.1672,269,675.84,6316.56
411.9,392.2,2436.96,1846.9464,297,814.8,5430.96
277.5,561.3,2447.16,1987.596,323,1723.2,4744.32
292.2,959.2,2492.16,2531.8488,289,3620.16,3868.08
243.8,1997.1,2493.36,2459.9952,268,6147.84,3207.84
213.4,2458.5,2489.28,2259.7224,281,7149.36,2563.68
190,2992.2,2458.08,1972.308,301,7292.88,2377.68
169.1,3032.1,2445.12,1833.1872,279,7330.8,2138.16
155.8,3054.8,2464.44,2065.5648,290,7381.2,2022
153.6,3074.9,2489.4,2394.2568,264,7385.04,1838.16
157,3075.8,2491.32,2276.5392,284,7317.36,1604.64
147.3,3046.9,2457.48,1911.156,274,7330.32,1408.08
143.8,3039.2,2463.84,2073.2088,253,7308,1282.08
139.2,2948.5,2453.64,1957.02,242,7235.76,1158
145,2297.6,2513.64,2721.42,243,6557.52,1017.6
156.3,1254,2415.48,1348.5576,238,5477.28,972.48
229.3,442.5,2491.68,2323.932,228,2842.32,1018.56
405.1,254.1,2476.68,2242.9056,240,1792.08,1313.76
939.5,177.3,2469.72,2039.5752,248,1396.08,1841.28
1736.3,147.7,2444.16,1848.4752,219,1254.72,4320.24
2650.2,135.6,2476.2,2258.1936,234,1082.64,6822.72
3082,128.8,2492.16,2519.6184,247,940.08,6995.76
3008,120.1,2400.36,1382.1912,260,881.52,7276.8
3045.5,116.4,2441.52,1957.02,250,799.2,7360.8
3068.4,117.8,2469.48,2304.0576,254,694.56,7292.4
3039.3,115.8,2433.84,1851.5328,240,647.04,7287.6
3037.2,116.7,2431.68,1810.2552,252,611.76,7402.56
3085.1,122.7,2488.56,2547.1368,246,560.16,7213.92
3008.3,126.2,2397,1310.3376,243,569.04,7282.56
3075.7,147.3,2481.84,2427.8904,249,590.4,7019.52
2582.4,184,2471.64,2273.4816,239,642.24,5959.44
1389.9,260.8,2425.32,1649.7312,234,744.24,5681.04
476.9,428,2479.32,2275.0104,292,1345.44,4544.16
263.9,560.8,2490,2493.6288,316,3377.76,4295.28
282.7,1314,2477.88,2314.7592,292,5884.8,3444
234.9,1785.9,2475.96,2163.408,244,7166.88,2575.68
212.9,2447.1,2459.76,1903.512,310,7282.08,2233.92
189.5,2972.1,2439.84,1611.5112,330,7360.08,1953.12
162.5,3053.5,2478.6,2158.8216,309,7376.4,1841.76
153.9,3070.1,2486.76,2230.6752,290,7204.56,1689.84
152.4,2999.9,2400.84,1174.2744,268,7357.92,1588.56
150.6,3063.8,2477.64,2129.7744,263,7320.72,1330.56
144.1,3048,2459.28,1914.2136,255,7284.96,1161.84
135.9,3026.8,2441.16,1796.496,264,7353.84,1080.48
134.9,3002.6,2482.92,2296.4136,261,7033.68,986.16
136.5,2391.3,2391.48,1111.5936,249,6527.04,972.24
164.6,1206.6,2407.08,1275.1752,250,4027.2,1012.32
258.5,391.6,2480.52,2226.0888,278,2751.6,1165.2
457.3,225,2476.56,2232.204,273,1858.08,2243.76
945.3,165,2441.16,1802.6112,226,1546.32,5564.4
2059.2,145.1,2486.4,2444.7072,231,1275.84,7041.12
2966.6,133.4,2487.36,2505.8592,242,1168.8,7319.04
3076.2,125.6,2478.96,2412.6024,265,1008.72,7309.68
3049.8,118.1,2447.76,2007.4704,296,887.04,7302.72
3043.5,113.6,2439.84,1888.224,273,793.68,7302
3043.2,110.9,2439.72,1889.7528,272,739.92,7390.56
3080.1,109.9,2483.04,2452.3512,285,667.68,7189.68
2996.4,105,2383.32,1168.1592,262,644.16,7367.76
3070.6,108,2472.12,2299.4712,256,606,7372.56
3072.8,114.6,2474.4,2331.576,251,597.84,7213.2
3031.4,127.8,2426.64,1695.5952,235,647.52,6945.6
2591.7,164.4,2445.72,1958.5488,235,711.6,6703.68
1622.1,261.8,2491.8,2493.6288,277,743.76,6222.72
716.9,405.3,2487.24,2478.3408,315,1245.12,5247.6
325.5,577.2,2469.36,2233.7328,294,3397.2,4624.08
235.9,1233,2464.56,2073.2088,256,6462.96,4015.44
213.6,1716.6,2466.72,2079.324,250,7159.68,3515.52
184.2,2488.5,2431.56,1579.4064,280,7389.12,2974.8
169.8,3035.3,2494.44,2314.7592,271,7385.52,2616.72
154,3072.5,2491.32,2275.0104,269,7383.6,2269.92
144.6,3076.3,2490.24,2343.8064,269,7314.48,1990.8
144.8,3047.7,2455.68,1857.648,261,7279.2,1775.76
142,3033.4,2438.28,1582.464,244,7291.68,1626.48
136.8,3038,2444.28,1729.2288,236,7395.36,1518
128.9,3081.1,2496.12,2351.4504,252,7175.04,1311.84
124.9,2947.9,2385.96,981.6456,239,7062.72,1303.68
146.5,2475,2490.12,2291.8272,250,6022.56,1247.04
217.8,1161,2478.36,2129.7744,270,3357.36,1171.44
365.2,375,2448.48,1750.632,275,1955.52,1760.16
629.7,216.2,2454.36,1894.3392,264,1605.6,3473.76
1199,165.6,2483.88,2466.1104,219,1460.16,6206.16
2161,145.3,2486.64,2539.4928,207,1209.84,6991.44
3062.3,134.9,2467.68,2294.8848,257,1083.36,7245.12
3068.2,125.7,2469.12,2319.3456,260,953.04,7327.68
3056.9,118.6,2456.64,2131.3032,251,856.32,7330.56
3056.1,114.2,2454.48,2149.6488,238,762.96,7400.4
3086.4,113.9,2487,2615.9328,223,703.2,7368.48
3078,113.5,2477.4,2485.9848,217,674.64,7382.4
3081.5,113.8,2485.44,2528.7912,226,630,7349.28
3068,118.5,2470.56,2296.4136,225,648.48,6936
2821,128.4,2425.2,1720.056,230,651.36,6297.84
1922.5,157.5,2449.92,2064.036,257,741.84,5952.72
964.5,240.5,2491.08,2574.6552,290,1090.8,4743.36
356.5,367.8,2486.64,2513.5032,308,2694,3562.8
268.4,744.4,2484.48,2368.2672,308,4392.72,2901.36
256.1,1581.4,2460.24,2022.7584,250,6669.12,2346.24
218.3,2200.7,2421.96,1452.516,268,7333.44,2195.04
201.2,2995.9,2466.36,1958.5488,286,7374.48,2096.4
182.7,3064.1,2486.52,2255.136,269,7352.88,1843.2
170.6,3064.1,2475.48,2192.4552,261,7301.76,1682.88
161.6,3043.8,2449.68,1808.7264,263,7346.88,1492.32
155.6,3063.1,2472.36,2068.6224,274,7312.8,1321.92
145.1,3048.8,2455.32,1860.7056,274,7353.6,1224.96
144.3,3065.8,2475.72,2210.8008,260,7395.6,1114.08
140.9,3083,2496.6,2403.4296,249,7235.76,1004.4
136.3,2924.8,2494.68,2365.2096,243,6120.72,1021.44
126.2,2053,2487.72,2285.712,232,4019.76,993.12
143.4,833.4,2465.28,1993.7112,260,1998.72,1189.44
190.1,322.3,2428.08,1507.5528,273,1538.64,1853.52
319.9,204.8,2480.88,2109.9,263,1350.96,3755.52
805,166.9,2489.88,2363.6808,237,1159.44,6104.16
1586.1,149.7,2490.36,2385.084,244,1047.6,7179.84
2395.7,137.3,2482.92,2408.016,272,894.48,7365.84
3075.7,129,2479.8,2395.7856,261,814.32,7252.08
3024.1,121.6,2416.32,1600.8096,250,726,7378.8
3075.2,120.4,2472.96,2383.5552,256,686.16,7403.76
3085.6,117.1,2481.6,2562.4248,241,624,7231.68
3013.9,111.2,2399.76,1455.5736,222,594.48,7315.68
3049,112.9,2438.4,1987.596,224,573.6,7369.2
3072.7,121,2472.72,2343.8064,226,564.24,7291.68
3041.4,142.7,2435.4,1843.8888,232,575.52,7028.4
3077.8,184.7,2480.52,2400.372,255,631.92,6575.28
2725.5,255.7,2486.88,2467.6392,256,687.84,6049.44
1398.3,410.3,2482.8,2404.9584,308,1066.08,5243.76
477.8,569.4,2478,2336.1624,331,2979.12,4495.44
299.9,1274.4,2474.88,2249.0208,286,5287.68,3608.64
256.4,2077,2455.8,1912.6848,246,6563.28,3003.36
232.3,3014.8,2517.48,2608.2888,293,7137.6,2611.68
199.8,3073.4,2493.36,2294.8848,303,7387.68,2390.16
175.6,3078.8,2493,2299.4712,282,7321.44,2204.4
158.1,3052.1,2459.16,1862.2344,272,7300.32,1903.2
150.1,3043.1,2448.84,1726.1712,265,7296.96,1708.56
139.6,3041.5,2447.28,1782.7368,266,7386.96,1548.24
141.7,3078.9,2492.4,2320.8744,247,7388.16,1406.4
139.8,3079.1,2493.36,2320.8744,241,7125.36,1333.92
133.8,3027.1,2493.36,2308.644,233,7277.28,1264.32
136,2587.2,2481.48,2157.2928,240,4011.84,1173.36
163.5,1073.5,2483.16,2189.3976,247,3491.04,1278.96
247.2,363.7,2449.8,1779.6792,217,1627.44,2016.24
408.9,221.3,2495.64,2354.508,268,1338.72,4455.84
965.5,168.5,2496.84,2392.728,285,1074.72,6660.24
2056.3,148.2,2487.48,2533.3776,287,1006.32,7180.56
3074.1,136.1,2480.16,2461.524,296,848.16,7320
3051.9,126.1,2451.84,2073.2088,294,768.72,7313.28
3047.9,120.7,2447.52,2007.4704,288,705.6,7395.36
3082.2,118.4,2485.8,2530.32,263,664.32,7408.56
3087.6,116.5,2492.64,2609.8176,261,615.6,7369.2
3071.2,114.1,2473.8,2356.0368,271,584.64,7375.44
3073.9,115.8,2476.2,2262.78,269,549.84,7326.24
3053.7,122.5,2452.56,1958.5488,250,567.84,7313.04
3052.5,135.3,2451.36,1920.3288,245,603.84,6949.68
3031,155.7,2424.84,1611.5112,239,704.16,6675.12
3079.9,220.9,2488.44,2395.7856,255,901.68,6057.84
2868.3,338.6,2488.8,2343.8064,295,2898.72,5077.44
1616.2,486,2253.72,-574.6728,242,6225.36,4729.92
506.4,781.6,2407.68,1345.5,207,7098.24,3810.96
318.4,1368.3,2345.64,509.2464,292,7226.4,3257.76
286.3,2461.3,2411.76,1252.2432,293,7227.12,2945.28
247.2,2957,2412,1296.5784,273,7083.12,2566.8
230.3,2939.7,2340,463.3824,286,7192.08,2314.56
204.8,2996.8,2394.72,1122.2952,299,7098,2073.6
185.1,2957.9,2347.8,498.5448,275,7176,1958.16
164.7,2990.9,2386.8,1064.2008,266,7265.04,1752.96
162.7,3027.7,2431.44,1631.3856,258,7204.08,1615.92
167.4,3002.4,2401.08,1203.3216,235,7208.16,1435.92
163.1,2997.9,2402.76,1155.9288,242,7094.4,1275.6
160.9,2851.2,2345.76,463.3824,238,6712.32,1226.88
157.1,1588.5,2383.68,940.368,231,4740.48,1199.28
164.9,409.9,2345.28,478.6704,237,4167.6,1088.64
202.4,235.4,2462.04,1978.4232,228,3266.88,928.56
342.9,171.8,2438.64,1741.4592,179,2414.4,1008.72
539.6,148.3,2428.92,1675.7208,180,2014.08,903.84
795.5,144.2,2420.28,1669.6056,186,1619.76,738.24
1077.9,138.3,2385.48,1224.7248,166,1393.68,654.96
1587.9,136.2,2365.8,967.8864,162,1232.16,622.32
1863.2,129.8,2357.28,874.6296,147,1127.76,620.4
1954.6,136.3,2329.32,556.6392,146,1048.56,658.32
1653.3,169.2,2442.72,1967.7216,148,936.72,604.56
1634.4,248.1,2421.6,1652.7888,144,839.52,600.24
1067.1,314.7,2379.84,1129.9392,141,780.48,617.52
632.1,389.3,2424.84,1695.5952,146,723.84,647.76
310.7,436,2450.04,2074.7376,154,661.2,623.28
159.5,398.8,2342.4,692.7024,153,639.12,607.92
128.9,373.3,2433.24,1848.4752,158,599.76,584.4
134.8,350.1,2425.32,1704.768,162,561.84,533.76
131.1,324.1,2374.08,1009.164,161,559.68,532.56
129.7,310.5,2495.28,2539.4928,171,542.4,514.56
127,270.5,2466.96,2180.2248,173,514.08,500.88
120.2,223.6,2450.04,1967.7216,178,487.44,473.76
114.6,188.7,2459.64,2082.3816,187,458.88,475.2
110.3,165.6,2440.32,1834.716,191,426.96,456.48
115.6,149.7,2373.84,990.8184,191,420.24,445.2
140,145.4,2445.24,1897.3968,194,404.4,452.88
184.7,146,2463,2123.6592,189,384,447.12
234.2,156.3,2355.72,755.3832,182,392.16,442.56
295.4,190.8,2410.32,1452.516,186,399.84,445.92
358.1,234.2,2416.44,1535.0712,182,413.04,449.76